bandit_policy_class,precision_at_1,ndcg_at_5,coverage_at_5,personalization_at_5,IPS,SNIPS,DirectEstimator,DoublyRobust,index
mars_gym.model.bandit.AdaptiveGreedy,0.31763925729442977,0.4035785032039464,0.39085000000000003,0.767565374597305,0.29904639972819375,0.30846573041510944,0.27631019055843353,0.2922771699765184,0
mars_gym.model.bandit.CustomRewardModelLinUCB,0.32824933687002655,0.4429170202152314,0.3628625,0.7293762556450184,0.3055759063642476,0.3155616142023441,0.2764042504131794,0.2979844243080407,0
mars_gym.model.bandit.EpsilonGreedy,0.3020557029177719,0.44325152034028537,0.34328749999999997,0.7335470643549971,0.2968465024459677,0.29539683015007623,0.25590608082711697,0.28087549839388487,0
mars_gym.model.bandit.ExploreThenExploit,0.3050397877984085,0.4034328321036965,0.3642,0.7519960129578869,0.29375061830037824,0.2876380630179942,0.253483384847641,0.2788900411107916,0
mars_gym.model.bandit.FixedPolicy,0.07427055702917772,0.1712939698728504,0.37385,0.7598913321122535,0.0761162942772578,0.07721904246627576,0.09832349419593811,0.07792580843630806,0
mars_gym.model.bandit.LinUCB,0.07592838196286472,0.20731354342996733,0.27145,0.696227973590903,0.05343917371177036,0.05609386997011167,0.05817473400384188,0.05610262765054319,0
mars_gym.model.bandit.PercentileAdaptiveGreedy,0.33687002652519893,0.4386481796830132,0.3755625,0.7439051738981243,0.32150495873732576,0.31708209857736713,0.2730431202799082,0.3074229395024534,0
mars_gym.model.bandit.RandomPolicy,0.03978779840848806,0.13840381180778227,0.3896,0.7756528189910978,0.04145700664959191,0.04057711156322629,0.041522566229104996,0.04217911746704427,0
